,Ward name,Borough name,City,Address,Latitude,Longitude
0,Abbey,Barking and Dagenham,London,"Abbey,Barking and Dagenham,London",51.54612675,0.091834341
1,Alibon,Barking and Dagenham,London,"Alibon,Barking and Dagenham,London",51.5482797,0.153244
2,Becontree,Barking and Dagenham,London,"Becontree,Barking and Dagenham,London",51.5403111,0.1265241
3,Chadwell Heath,Barking and Dagenham,London,"Chadwell Heath,Barking and Dagenham,London",51.5679857,0.127994
4,Eastbrook,Barking and Dagenham,London,"Eastbrook,Barking and Dagenham,London",51.5515648,0.161543068
5,Eastbury,Barking and Dagenham,London,"Eastbury,Barking and Dagenham,London",51.5344736,0.0993936
6,Gascoigne,Barking and Dagenham,London,"Gascoigne,Barking and Dagenham,London",51.5322827,0.0812505
7,Goresbrook,Barking and Dagenham,London,"Goresbrook,Barking and Dagenham,London",51.5355397,0.141440867
8,Heath,Barking and Dagenham,London,"Heath,Barking and Dagenham,London",51.5679857,0.127994
9,Longbridge,Barking and Dagenham,London,"Longbridge,Barking and Dagenham,London",51.5410458,0.0836358
10,Mayesbrook,Barking and Dagenham,London,"Mayesbrook,Barking and Dagenham,London",51.5483331,0.110796635
11,Parsloes,Barking and Dagenham,London,"Parsloes,Barking and Dagenham,London",51.54438325,0.134418814
12,River,Barking and Dagenham,London,"River,Barking and Dagenham,London",51.5541171,0.150504343
13,Thames,Barking and Dagenham,London,"Thames,Barking and Dagenham,London",51.5286041,0.1043626
14,Valence,Barking and Dagenham,London,"Valence,Barking and Dagenham,London",51.5582494,0.13445002
15,Village,Barking and Dagenham,London,"Village,Barking and Dagenham,London",51.5541171,0.150504343
16,Whalebone,Barking and Dagenham,London,"Whalebone,Barking and Dagenham,London",51.5721959,0.1420234
17,Brunswick Park,Barnet,London,"Brunswick Park,Barnet,London",51.6262191,-0.1481899
18,Burnt Oak,Barnet,London,"Burnt Oak,Barnet,London",51.6028082,-0.2640125
19,Childs Hill,Barnet,London,"Childs Hill,Barnet,London",51.5629822,-0.1972494
20,Colindale,Barnet,London,"Colindale,Barnet,London",51.5954091,-0.2499296
21,Coppetts,Barnet,London,"Coppetts,Barnet,London",51.60444955,-0.153767875
22,East Barnet,Barnet,London,"East Barnet,Barnet,London",51.6416813,-0.1628235
23,East Finchley,Barnet,London,"East Finchley,Barnet,London",51.5871881,-0.1648137
24,Edgware,Barnet,London,"Edgware,Barnet,London",51.6107677,-0.279305
25,Finchley Church End,Barnet,London,"Finchley Church End,Barnet,London",51.6008355,-0.192318
26,Garden Suburb,Barnet,London,"Garden Suburb,Barnet,London",51.57612505,-0.17001197
27,Golders Green,Barnet,London,"Golders Green,Barnet,London",51.5718315,-0.1955219
28,Hale,Barnet,London,"Hale,Barnet,London",51.618006,-0.256795
29,Hendon,Barnet,London,"Hendon,Barnet,London",51.58105335,-0.226820363
30,High Barnet,Barnet,London,"High Barnet,Barnet,London",51.650399,-0.1938826
31,Mill Hill,Barnet,London,"Mill Hill,Barnet,London",51.6154423,-0.2330675
32,Oakleigh,Barnet,London,"Oakleigh,Barnet,London",51.6377516,-0.1662835
33,Totteridge,Barnet,London,"Totteridge,Barnet,London",51.6331335,-0.2008636
34,Underhill,Barnet,London,"Underhill,Barnet,London",51.6477684,-0.190891
35,West Finchley,Barnet,London,"West Finchley,Barnet,London",51.6088451,-0.1946371
36,West Hendon,Barnet,London,"West Hendon,Barnet,London",51.578213,-0.2403793
37,Woodhouse,Barnet,London,"Woodhouse,Barnet,London",51.6114458,-0.168820992
38,Barnehurst,Bexley,London,"Barnehurst,Bexley,London",51.4650212,0.1596467
39,Belvedere,Bexley,London,"Belvedere,Bexley,London",51.4894735,0.1473593
40,Blackfen and Lamorbey,Bexley,London,"Blackfen and Lamorbey,Bexley,London",51.4505408,0.1030617
41,Blendon and Penhill,Bexley,London,"Blendon and Penhill,Bexley,London",51.4479922,0.1198055
42,Brampton,Bexley,London,"Brampton,Bexley,London",51.4695698,0.1300709
43,Christchurch,Bexley,London,"Christchurch,Bexley,London",51.4799748,0.1739214
44,Colyers,Bexley,London,"Colyers,Bexley,London",51.4714306,0.1644458
45,Crayford,Bexley,London,"Crayford,Bexley,London",51.4481946,0.1783696
46,Cray Meadows,Bexley,London,"Cray Meadows,Bexley,London",,
47,Danson Park,Bexley,London,"Danson Park,Bexley,London",51.4548647,0.117567282
48,East Wickham,Bexley,London,"East Wickham,Bexley,London",51.47263615,0.104537495
49,Erith,Bexley,London,"Erith,Bexley,London",51.4775613,0.1823013
50,Falconwood and Welling,Bexley,London,"Falconwood and Welling,Bexley,London",,
51,Lesnes Abbey,Bexley,London,"Lesnes Abbey,Bexley,London",51.4889564,0.128955538
52,Longlands,Bexley,London,"Longlands,Bexley,London",51.4304854,0.0841774
53,North End,Bexley,London,"North End,Bexley,London",,
54,Northumberland Heath,Bexley,London,"Northumberland Heath,Bexley,London",51.4711864,0.1611451
55,St. Mary's,Bexley,London,"St. Mary's,Bexley,London",51.4416793,0.150488
56,St. Michael's,Bexley,London,"St. Michael's,Bexley,London",51.471966,0.112714
57,Sidcup,Bexley,London,"Sidcup,Bexley,London",51.4264002,0.101044
58,Thamesmead East,Bexley,London,"Thamesmead East,Bexley,London",51.47253155,0.162351393
59,Alperton,Brent,London,"Alperton,Brent,London",51.5408036,-0.3000963
60,Barnhill,Brent,London,"Barnhill,Brent,London",51.5640905,-0.2631011
61,Brondesbury Park,Brent,London,"Brondesbury Park,Brent,London",51.5405138,-0.2103359
62,Dollis Hill,Brent,London,"Dollis Hill,Brent,London",51.5519625,-0.2390214
63,Dudden Hill,Brent,London,"Dudden Hill,Brent,London",51.55202785,-0.244435886
64,Fryent,Brent,London,"Fryent,Brent,London",51.5770306,-0.27608371
65,Harlesden,Brent,London,"Harlesden,Brent,London",51.5363567,-0.257833
66,Kensal Green,Brent,London,"Kensal Green,Brent,London",51.5306063,-0.2244449
67,Kenton,Brent,London,"Kenton,Brent,London",51.5815255,-0.3166378
68,Kilburn,Brent,London,"Kilburn,Brent,London",51.5469889,-0.2053385
69,Mapesbury,Brent,London,"Mapesbury,Brent,London",51.55288275,-0.21347501
70,Northwick Park,Brent,London,"Northwick Park,Brent,London",51.578491,-0.3176997
71,Preston,Brent,London,"Preston,Brent,London",51.5762155,-0.2915108
72,Queens Park,Brent,London,"Queens Park,Brent,London",51.5360466,-0.211224799
73,Queensbury,Brent,London,"Queensbury,Brent,London",51.5941903,-0.286181
74,Stonebridge,Brent,London,"Stonebridge,Brent,London",51.5441099,-0.2762285
75,Sudbury,Brent,London,"Sudbury,Brent,London",51.550751,-0.3156202
76,Tokyngton,Brent,London,"Tokyngton,Brent,London",51.55059635,-0.284899083
77,Welsh Harp,Brent,London,"Welsh Harp,Brent,London",51.5682452,-0.257488098
78,Wembley Central,Brent,London,"Wembley Central,Brent,London",51.5523278,-0.2966751
79,Willesden Green,Brent,London,"Willesden Green,Brent,London",51.5493524,-0.222223
80,Bickley,Bromley,London,"Bickley,Bromley,London",51.4017399,0.0437122
81,Biggin Hill,Bromley,London,"Biggin Hill,Bromley,London",51.3200368,0.0094791
82,Bromley Common and Keston,Bromley,London,"Bromley Common and Keston,Bromley,London",,
83,Bromley Town,Bromley,London,"Bromley Town,Bromley,London",51.4028046,0.0148142
84,Chelsfield and Pratts Bottom,Bromley,London,"Chelsfield and Pratts Bottom,Bromley,London",51.3566115,0.1083284
85,Chislehurst,Bromley,London,"Chislehurst,Bromley,London",51.4115718,0.0769545
86,Clock House,Bromley,London,"Clock House,Bromley,London",51.4086793,-0.0404242
87,Copers Cope,Bromley,London,"Copers Cope,Bromley,London",51.4193475,-0.0315021
88,Cray Valley East,Bromley,London,"Cray Valley East,Bromley,London",51.3960418,0.1145075
89,Cray Valley West,Bromley,London,"Cray Valley West,Bromley,London",51.3960418,0.1145075
90,Crystal Palace,Bromley,London,"Crystal Palace,Bromley,London",51.4193664,-0.0711328
91,Darwin,Bromley,London,"Darwin,Bromley,London",51.3314488,0.053387344
92,Farnborough and Crofton,Bromley,London,"Farnborough and Crofton,Bromley,London",,
93,Hayes and Coney Hall,Bromley,London,"Hayes and Coney Hall,Bromley,London",51.3777494,0.0028818
94,Kelsey and Eden Park,Bromley,London,"Kelsey and Eden Park,Bromley,London",,
95,Mottingham and Chislehurst North,Bromley,London,"Mottingham and Chislehurst North,Bromley,London",,
96,Orpington,Bromley,London,"Orpington,Bromley,London",51.3736037,0.0887195
97,Penge and Cator,Bromley,London,"Penge and Cator,Bromley,London",,
98,Petts Wood and Knoll,Bromley,London,"Petts Wood and Knoll,Bromley,London",51.3909147,0.0771282
99,Plaistow and Sundridge,Bromley,London,"Plaistow and Sundridge,Bromley,London",51.41780745,0.019383241
100,Shortlands,Bromley,London,"Shortlands,Bromley,London",51.4060917,-0.001434
101,West Wickham,Bromley,London,"West Wickham,Bromley,London",51.3758036,-0.0146843
102,Belsize,Camden,London,"Belsize,Camden,London",51.55563345,-0.166845935
103,Bloomsbury,Camden,London,"Bloomsbury,Camden,London",51.523126,-0.1260664
104,Camden Town with Primrose Hill,Camden,London,"Camden Town with Primrose Hill,Camden,London",,
105,Cantelowes,Camden,London,"Cantelowes,Camden,London",51.5469158,-0.133240517
106,Fortune Green,Camden,London,"Fortune Green,Camden,London",51.55459575,-0.197622427
107,Frognal and Fitzjohns,Camden,London,"Frognal and Fitzjohns,Camden,London",,
108,Gospel Oak,Camden,London,"Gospel Oak,Camden,London",51.5554865,-0.151577
109,Hampstead Town,Camden,London,"Hampstead Town,Camden,London",51.5542879,-0.1740747
110,Haverstock,Camden,London,"Haverstock,Camden,London",51.54486825,-0.153213259
111,Highgate,Camden,London,"Highgate,Camden,London",51.5744322,-0.1526837
112,Holborn and Covent Garden,Camden,London,"Holborn and Covent Garden,Camden,London",51.5158247,-0.1259847
113,Kentish Town,Camden,London,"Kentish Town,Camden,London",51.5500658,-0.1425625
114,Kilburn,Camden,London,"Kilburn,Camden,London",51.5469889,-0.2053385
115,King's Cross,Camden,London,"King's Cross,Camden,London",51.5323954,-0.1230224
116,Regent's Park,Camden,London,"Regent's Park,Camden,London",51.53023185,-0.153932499
117,St. Pancras and Somers Town,Camden,London,"St. Pancras and Somers Town,Camden,London",51.5413224,-0.1334641
118,Swiss Cottage,Camden,London,"Swiss Cottage,Camden,London",51.543722,-0.174982
119,West Hampstead,Camden,London,"West Hampstead,Camden,London",51.5468194,-0.1899646
120,City of London,City of London,London,"City of London,City of London,London",51.5156177,-0.0919983
121,Addiscombe,Croydon,London,"Addiscombe,Croydon,London",51.3796916,-0.0742821
122,Ashburton,Croydon,London,"Ashburton,Croydon,London",51.3853026,-0.065750663
123,Bensham Manor,Croydon,London,"Bensham Manor,Croydon,London",51.39715405,-0.106934399
124,Broad Green,Croydon,London,"Broad Green,Croydon,London",51.3833946,-0.1083305
125,Coulsdon East,Croydon,London,"Coulsdon East,Croydon,London",51.3199716,-0.1393506
126,Coulsdon West,Croydon,London,"Coulsdon West,Croydon,London",51.3199716,-0.1393506
127,Croham,Croydon,London,"Croham,Croydon,London",51.35218055,-0.080840332
128,Fairfield,Croydon,London,"Fairfield,Croydon,London",51.3722383,-0.095487465
129,Fieldway,Croydon,London,"Fieldway,Croydon,London",51.3509685,-0.0241702
130,Heathfield,Croydon,London,"Heathfield,Croydon,London",51.3569679,-0.056933312
131,Kenley,Croydon,London,"Kenley,Croydon,London",51.3227524,-0.1037854
132,New Addington,Croydon,London,"New Addington,Croydon,London",51.3426434,-0.0174858
133,Norbury,Croydon,London,"Norbury,Croydon,London",51.4110663,-0.1224869
134,Purley,Croydon,London,"Purley,Croydon,London",51.3385156,-0.115893
135,Sanderstead,Croydon,London,"Sanderstead,Croydon,London",51.3340837,-0.0767435
136,Selhurst,Croydon,London,"Selhurst,Croydon,London",51.3922136,-0.0886537
137,Selsdon and Ballards,Croydon,London,"Selsdon and Ballards,Croydon,London",51.3420195,-0.05573586
138,Shirley,Croydon,London,"Shirley,Croydon,London",51.3749243,-0.0466335
139,South Norwood,Croydon,London,"South Norwood,Croydon,London",51.3980951,-0.0768216
140,Thornton Heath,Croydon,London,"Thornton Heath,Croydon,London",51.3988709,-0.099602
141,Upper Norwood,Croydon,London,"Upper Norwood,Croydon,London",51.4164053,-0.0940347
142,Waddon,Croydon,London,"Waddon,Croydon,London",51.3673011,-0.1173627
143,West Thornton,Croydon,London,"West Thornton,Croydon,London",51.3989969,-0.1167977
144,Woodside,Croydon,London,"Woodside,Croydon,London",51.3870773,-0.0653308
145,Acton Central,Ealing,London,"Acton Central,Ealing,London",51.5087164,-0.2628073
146,Cleveland,Ealing,London,"Cleveland,Ealing,London",51.52300205,-0.322423564
147,Dormers Wells,Ealing,London,"Dormers Wells,Ealing,London",51.5184396,-0.366552131
148,Ealing Broadway,Ealing,London,"Ealing Broadway,Ealing,London",51.5149803,-0.3004067
149,Ealing Common,Ealing,London,"Ealing Common,Ealing,London",51.5097107,-0.2881658
150,East Acton,Ealing,London,"East Acton,Ealing,London",51.51775675,-0.252136447
151,Elthorne,Ealing,London,"Elthorne,Ealing,London",51.5005221,-0.331112674
152,Greenford Broadway,Ealing,London,"Greenford Broadway,Ealing,London",51.5280218,-0.3540754
153,Greenford Green,Ealing,London,"Greenford Green,Ealing,London",51.5422492,-0.3453513
154,Hanger Hill,Ealing,London,"Hanger Hill,Ealing,London",51.5303098,-0.2936453
155,Hobbayne,Ealing,London,"Hobbayne,Ealing,London",51.5195173,-0.3461953
156,Lady Margaret,Ealing,London,"Lady Margaret,Ealing,London",51.5177515,-0.3753809
157,Northfield,Ealing,London,"Northfield,Ealing,London",51.5082193,-0.31873681
158,North Greenford,Ealing,London,"North Greenford,Ealing,London",51.5551182,-0.3367211
159,Northolt Mandeville,Ealing,London,"Northolt Mandeville,Ealing,London",51.5484582,-0.3695247
160,Northolt West End,Ealing,London,"Northolt West End,Ealing,London",51.5465937,-0.369565
161,Norwood Green,Ealing,London,"Norwood Green,Ealing,London",51.4966058,-0.3693772
162,Perivale,Ealing,London,"Perivale,Ealing,London",51.5364952,-0.3225887
163,South Acton,Ealing,London,"South Acton,Ealing,London",51.4997225,-0.2698979
164,Southall Broadway,Ealing,London,"Southall Broadway,Ealing,London",51.5099194,-0.3762117
165,Southall Green,Ealing,London,"Southall Green,Ealing,London",51.5060205,-0.3775015
166,Southfield,Ealing,London,"Southfield,Ealing,London",51.5025131,-0.2638832
167,Walpole,Ealing,London,"Walpole,Ealing,London",51.5060204,-0.3049015
168,Bowes,Enfield,London,"Bowes,Enfield,London",51.6123266,-0.1000295
169,Bush Hill Park,Enfield,London,"Bush Hill Park,Enfield,London",51.6417042,-0.0694005
170,Chase,Enfield,London,"Chase,Enfield,London",51.6014893,-0.1116958
171,Cockfosters,Enfield,London,"Cockfosters,Enfield,London",51.651366,-0.1485149
172,Edmonton Green,Enfield,London,"Edmonton Green,Enfield,London",51.6248371,-0.061208
173,Enfield Highway,Enfield,London,"Enfield Highway,Enfield,London",51.6570215,-0.0470996
174,Enfield Lock,Enfield,London,"Enfield Lock,Enfield,London",51.6708872,-0.0285727
175,Grange,Enfield,London,"Grange,Enfield,London",51.6419939,-0.096344
176,Haselbury,Enfield,London,"Haselbury,Enfield,London",51.6242472,-0.0741612
177,Highlands,Enfield,London,"Highlands,Enfield,London",51.649935,-0.1064298
178,Jubilee,Enfield,London,"Jubilee,Enfield,London",51.6346673,-0.059330951
179,Lower Edmonton,Enfield,London,"Lower Edmonton,Enfield,London",51.6133019,-0.0358428
180,Palmers Green,Enfield,London,"Palmers Green,Enfield,London",51.6183704,-0.110499
181,Ponders End,Enfield,London,"Ponders End,Enfield,London",51.6428463,-0.0347837
182,Southbury,Enfield,London,"Southbury,Enfield,London",51.6480314,-0.0526302
183,Southgate,Enfield,London,"Southgate,Enfield,London",51.6281547,-0.123596
184,Southgate Green,Enfield,London,"Southgate Green,Enfield,London",51.6281547,-0.123596
185,Town,Enfield,London,"Town,Enfield,London",51.6521726,-0.081518
186,Turkey Street,Enfield,London,"Turkey Street,Enfield,London",51.6727331,-0.047176
187,Upper Edmonton,Enfield,London,"Upper Edmonton,Enfield,London",51.6203392,-0.0659791
188,Winchmore Hill,Enfield,London,"Winchmore Hill,Enfield,London",51.6333948,-0.1033617
189,Abbey Wood,Greenwich,London,"Abbey Wood,Greenwich,London",51.487621,0.1140504
190,Blackheath Westcombe,Greenwich,London,"Blackheath Westcombe,Greenwich,London",51.4775675,0.0190989
191,Charlton,Greenwich,London,"Charlton,Greenwich,London",51.4826053,0.0365359
192,Coldharbour and New Eltham,Greenwich,London,"Coldharbour and New Eltham,Greenwich,London",51.4304703,0.0576814
193,Eltham North,Greenwich,London,"Eltham North,Greenwich,London",51.4505687,0.0541253
194,Eltham South,Greenwich,London,"Eltham South,Greenwich,London",51.4555936,0.0522692
195,Eltham West,Greenwich,London,"Eltham West,Greenwich,London",51.4505687,0.0541253
196,Glyndon,Greenwich,London,"Glyndon,Greenwich,London",51.4873935,0.0846794
197,Greenwich West,Greenwich,London,"Greenwich West,Greenwich,London",51.4820845,-0.0045417
198,Kidbrooke with Hornfair,Greenwich,London,"Kidbrooke with Hornfair,Greenwich,London",,
199,Middle Park and Sutcliffe,Greenwich,London,"Middle Park and Sutcliffe,Greenwich,London",,
200,Peninsula,Greenwich,London,"Peninsula,Greenwich,London",51.50814615,0.028731845
201,Plumstead,Greenwich,London,"Plumstead,Greenwich,London",51.4804635,0.0924286
202,Shooters Hill,Greenwich,London,"Shooters Hill,Greenwich,London",51.4692255,0.066306
203,Thamesmead Moorings,Greenwich,London,"Thamesmead Moorings,Greenwich,London",51.4989335,0.1148486
204,Woolwich Common,Greenwich,London,"Woolwich Common,Greenwich,London",51.47671115,0.053959067
205,Woolwich Riverside,Greenwich,London,"Woolwich Riverside,Greenwich,London",51.4826696,0.0623335
206,Brownswood,Hackney,London,"Brownswood,Hackney,London",51.56397355,-0.092734327
207,Cazenove,Hackney,London,"Cazenove,Hackney,London",51.5656277,-0.0666574
208,Clissold,Hackney,London,"Clissold,Hackney,London",51.5612537,-0.088399335
209,Dalston,Hackney,London,"Dalston,Hackney,London",51.5434023,-0.0672286
210,De Beauvoir,Hackney,London,"De Beauvoir,Hackney,London",51.536286,-0.081709
211,Hackney Central,Hackney,London,"Hackney Central,Hackney,London",51.5470605,-0.0568749
212,Hackney Downs,Hackney,London,"Hackney Downs,Hackney,London",51.5486455,-0.060686
213,Hackney Wick,Hackney,London,"Hackney Wick,Hackney,London",51.543433,-0.0240839
214,Haggerston,Hackney,London,"Haggerston,Hackney,London",51.5385184,-0.0753811
215,Homerton,Hackney,London,"Homerton,Hackney,London",51.5470789,-0.043121
216,Hoxton East & Shoreditch,Hackney,London,"Hoxton East & Shoreditch,Hackney,London",51.5312914,-0.0758535
217,Hoxton West,Hackney,London,"Hoxton West,Hackney,London",51.5312914,-0.0758535
218,King's Park,Hackney,London,"King's Park,Hackney,London",51.54497,-0.078464938
219,Lea Bridge,Hackney,London,"Lea Bridge,Hackney,London",51.5621415,-0.045734448
220,London Fields,Hackney,London,"London Fields,Hackney,London",51.5410518,-0.0577737
221,Shacklewell,Hackney,London,"Shacklewell,Hackney,London",51.5523761,-0.0701582
222,Springfield,Hackney,London,"Springfield,Hackney,London",51.5683986,-0.0565668
223,Stamford Hill West,Hackney,London,"Stamford Hill West,Hackney,London",51.5744324,-0.0766481
224,Stoke Newington,Hackney,London,"Stoke Newington,Hackney,London",51.5576971,-0.0772816
225,Victoria,Hackney,London,"Victoria,Hackney,London",51.54571365,-0.070100399
226,Woodberry Down,Hackney,London,"Woodberry Down,Hackney,London",51.5724915,-0.090699
227,Addison,Hammersmith and Fulham,London,"Addison,Hammersmith and Fulham,London",51.5020119,-0.2153718
228,Askew,Hammersmith and Fulham,London,"Askew,Hammersmith and Fulham,London",51.5060644,-0.2431987
229,Avonmore and Brook Green,Hammersmith and Fulham,London,"Avonmore and Brook Green,Hammersmith and Fulham,London",,
230,College Park and Old Oak,Hammersmith and Fulham,London,"College Park and Old Oak,Hammersmith and Fulham,London",,
231,Fulham Broadway,Hammersmith and Fulham,London,"Fulham Broadway,Hammersmith and Fulham,London",51.4808834,-0.1943493
232,Fulham Reach,Hammersmith and Fulham,London,"Fulham Reach,Hammersmith and Fulham,London",51.4871579,-0.226170455
233,Hammersmith Broadway,Hammersmith and Fulham,London,"Hammersmith Broadway,Hammersmith and Fulham,London",51.49215415,-0.224162205
234,Munster,Hammersmith and Fulham,London,"Munster,Hammersmith and Fulham,London",51.4789728,-0.2113845
235,North End,Hammersmith and Fulham,London,"North End,Hammersmith and Fulham,London",51.4741227,-0.1840077
236,Palace Riverside,Hammersmith and Fulham,London,"Palace Riverside,Hammersmith and Fulham,London",51.490929,-0.2235307
237,Parsons Green and Walham,Hammersmith and Fulham,London,"Parsons Green and Walham,Hammersmith and Fulham,London",51.4735501,-0.1920695
238,Ravenscourt Park,Hammersmith and Fulham,London,"Ravenscourt Park,Hammersmith and Fulham,London",51.4941293,-0.2357932
239,Sands End,Hammersmith and Fulham,London,"Sands End,Hammersmith and Fulham,London",51.4725454,-0.1871122
240,Shepherd's Bush Green,Hammersmith and Fulham,London,"Shepherd's Bush Green,Hammersmith and Fulham,London",51.50423455,-0.221799012
241,Town,Hammersmith and Fulham,London,"Town,Hammersmith and Fulham,London",51.4920377,-0.2236401
242,Wormholt and White City,Hammersmith and Fulham,London,"Wormholt and White City,Hammersmith and Fulham,London",51.5078121,-0.2406007
243,Alexandra,Haringey,London,"Alexandra,Haringey,London",51.5942224,-0.130857147
244,Bounds Green,Haringey,London,"Bounds Green,Haringey,London",51.607376,-0.1249047
245,Bruce Grove,Haringey,London,"Bruce Grove,Haringey,London",51.593712,-0.0700556
246,Crouch End,Haringey,London,"Crouch End,Haringey,London",51.5787402,-0.1235992
247,Fortis Green,Haringey,London,"Fortis Green,Haringey,London",51.590997,-0.1534208
248,Harringay,Haringey,London,"Harringay,Haringey,London",51.5773885,-0.1053581
249,Highgate,Haringey,London,"Highgate,Haringey,London",51.5776825,-0.1458316
250,Hornsey,Haringey,London,"Hornsey,Haringey,London",51.5863215,-0.1116832
251,Muswell Hill,Haringey,London,"Muswell Hill,Haringey,London",51.5910395,-0.1420768
252,Noel Park,Haringey,London,"Noel Park,Haringey,London",51.5970269,-0.1009153
253,Northumberland Park,Haringey,London,"Northumberland Park,Haringey,London",51.6019419,-0.0539446
254,St. Ann's,Haringey,London,"St. Ann's,Haringey,London",51.58126395,-0.0844437
255,Seven Sisters,Haringey,London,"Seven Sisters,Haringey,London",51.5824738,-0.0749325
256,Stroud Green,Haringey,London,"Stroud Green,Haringey,London",51.5716864,-0.1114972
257,Tottenham Green,Haringey,London,"Tottenham Green,Haringey,London",51.58775405,-0.071476082
258,Tottenham Hale,Haringey,London,"Tottenham Hale,Haringey,London",51.5881223,-0.0599366
259,West Green,Haringey,London,"West Green,Haringey,London",51.5868063,-0.0898489
260,White Hart Lane,Haringey,London,"White Hart Lane,Haringey,London",51.6045762,-0.0707857
261,Woodside,Haringey,London,"Woodside,Haringey,London",51.603495,-0.100912965
262,Belmont,Harrow,London,"Belmont,Harrow,London",51.601225,-0.3181008
263,Canons,Harrow,London,"Canons,Harrow,London",51.6080065,-0.2947453
264,Edgware,Harrow,London,"Edgware,Harrow,London",51.6188193,-0.28861724
265,Greenhill,Harrow,London,"Greenhill,Harrow,London",51.5840017,-0.3330006
266,Harrow on the Hill,Harrow,London,"Harrow on the Hill,Harrow,London",51.5792702,-0.3366561
267,Harrow Weald,Harrow,London,"Harrow Weald,Harrow,London",51.6047861,-0.3404854
268,Hatch End,Harrow,London,"Hatch End,Harrow,London",51.6095781,-0.3687836
269,Headstone North,Harrow,London,"Headstone North,Harrow,London",51.59188325,-0.354216652
270,Headstone South,Harrow,London,"Headstone South,Harrow,London",51.59188325,-0.354216652
271,Kenton East,Harrow,London,"Kenton East,Harrow,London",51.581287,-0.316473162
272,Kenton West,Harrow,London,"Kenton West,Harrow,London",51.581287,-0.316473162
273,Marlborough,Harrow,London,"Marlborough,Harrow,London",51.5899659,-0.332507
274,Pinner,Harrow,London,"Pinner,Harrow,London",51.5968712,-0.3770142
275,Pinner South,Harrow,London,"Pinner South,Harrow,London",51.5968712,-0.3770142
276,Queensbury,Harrow,London,"Queensbury,Harrow,London",51.5962551,-0.2947263
277,Rayners Lane,Harrow,London,"Rayners Lane,Harrow,London",51.5767143,-0.3703002
278,Roxbourne,Harrow,London,"Roxbourne,Harrow,London",51.5654065,-0.3733966
279,Roxeth,Harrow,London,"Roxeth,Harrow,London",51.5604822,-0.350074705
280,Stanmore Park,Harrow,London,"Stanmore Park,Harrow,London",51.6188526,-0.3026271
281,Wealdstone,Harrow,London,"Wealdstone,Harrow,London",51.5936353,-0.3294758
282,West Harrow,Harrow,London,"West Harrow,Harrow,London",51.5795852,-0.3530692
283,Brooklands,Havering,London,"Brooklands,Havering,London",51.5807764,0.1734282
284,Cranham,Havering,London,"Cranham,Havering,London",51.5614882,0.2679097
285,Elm Park,Havering,London,"Elm Park,Havering,London",51.549579,0.1974303
286,Emerson Park,Havering,London,"Emerson Park,Havering,London",51.5686007,0.2202375
287,Gooshays,Havering,London,"Gooshays,Havering,London",51.6057414,0.2250343
288,Hacton,Havering,London,"Hacton,Havering,London",51.5507766,0.2328845
289,Harold Wood,Havering,London,"Harold Wood,Havering,London",51.5936326,0.2310497
290,Havering Park,Havering,London,"Havering Park,Havering,London",51.6089815,0.1644474
291,Heaton,Havering,London,"Heaton,Havering,London",51.6000079,0.208919
292,Hylands,Havering,London,"Hylands,Havering,London",51.57116995,0.200615089
293,Mawneys,Havering,London,"Mawneys,Havering,London",,
294,Pettits,Havering,London,"Pettits,Havering,London",51.5871445,0.1858512
295,Rainham and Wennington,Havering,London,"Rainham and Wennington,Havering,London",51.5167284,0.1996559
296,Romford Town,Havering,London,"Romford Town,Havering,London",51.5760462,0.1822646
297,St. Andrew's,Havering,London,"St. Andrew's,Havering,London",51.55792615,0.249812805
298,South Hornchurch,Havering,London,"South Hornchurch,Havering,London",51.5330916,0.1912727
299,Squirrel's Heath,Havering,London,"Squirrel's Heath,Havering,London",51.5898585,0.2356099
300,Upminster,Havering,London,"Upminster,Havering,London",51.5589502,0.2520875
301,Barnhill,Hillingdon,London,"Barnhill,Hillingdon,London",51.5879314,-0.3930981
302,Botwell,Hillingdon,London,"Botwell,Hillingdon,London",51.5146764,-0.4320206
303,Brunel,Hillingdon,London,"Brunel,Hillingdon,London",51.53255315,-0.473993562
304,Cavendish,Hillingdon,London,"Cavendish,Hillingdon,London",51.57266795,-0.395004385
305,Charville,Hillingdon,London,"Charville,Hillingdon,London",51.5335444,-0.415409273
306,Eastcote and East Ruislip,Hillingdon,London,"Eastcote and East Ruislip,Hillingdon,London",51.5795418,-0.4016534
307,Harefield,Hillingdon,London,"Harefield,Hillingdon,London",51.6041828,-0.4825622
308,Heathrow Villages,Hillingdon,London,"Heathrow Villages,Hillingdon,London",,
309,Hillingdon East,Hillingdon,London,"Hillingdon East,Hillingdon,London",51.532563,-0.453256
310,Ickenham,Hillingdon,London,"Ickenham,Hillingdon,London",51.5615698,-0.4423513
311,Manor,Hillingdon,London,"Manor,Hillingdon,London",51.5425193,-0.448334931
312,Northwood,Hillingdon,London,"Northwood,Hillingdon,London",51.6051713,-0.4205812
313,Northwood Hills,Hillingdon,London,"Northwood Hills,Hillingdon,London",51.6001534,-0.4084575
314,Pinkwell,Hillingdon,London,"Pinkwell,Hillingdon,London",51.4996471,-0.440127157
315,South Ruislip,Hillingdon,London,"South Ruislip,Hillingdon,London",51.5569909,-0.3990635
316,Townfield,Hillingdon,London,"Townfield,Hillingdon,London",51.511497,-0.415856
317,Uxbridge North,Hillingdon,London,"Uxbridge North,Hillingdon,London",51.546655,-0.4775114
318,Uxbridge South,Hillingdon,London,"Uxbridge South,Hillingdon,London",51.546655,-0.4775114
319,West Drayton,Hillingdon,London,"West Drayton,Hillingdon,London",51.503513,-0.4662704
320,West Ruislip,Hillingdon,London,"West Ruislip,Hillingdon,London",51.5695047,-0.4370447
321,Yeading,Hillingdon,London,"Yeading,Hillingdon,London",51.527239,-0.3992705
322,Yiewsley,Hillingdon,London,"Yiewsley,Hillingdon,London",51.5128661,-0.4741522
323,Bedfont,Hounslow,London,"Bedfont,Hounslow,London",51.4530683,-0.4334413
324,Brentford,Hounslow,London,"Brentford,Hounslow,London",51.4863958,-0.3216623
325,Chiswick Homefields,Hounslow,London,"Chiswick Homefields,Hounslow,London",,
326,Chiswick Riverside,Hounslow,London,"Chiswick Riverside,Hounslow,London",51.4923137,-0.263818
327,Cranford,Hounslow,London,"Cranford,Hounslow,London",51.4806709,-0.4096772
328,Feltham North,Hounslow,London,"Feltham North,Hounslow,London",51.4442232,-0.410659
329,Feltham West,Hounslow,London,"Feltham West,Hounslow,London",51.4442232,-0.410659
330,Hanworth,Hounslow,London,"Hanworth,Hounslow,London",51.4348478,-0.3903611
331,Hanworth Park,Hounslow,London,"Hanworth Park,Hounslow,London",51.43934225,-0.39751258
332,Heston Central,Hounslow,London,"Heston Central,Hounslow,London",51.4854573,-0.3719561
333,Heston East,Hounslow,London,"Heston East,Hounslow,London",51.4854573,-0.3719561
334,Heston West,Hounslow,London,"Heston West,Hounslow,London",51.4854573,-0.3719561
335,Hounslow Central,Hounslow,London,"Hounslow Central,Hounslow,London",51.471307,-0.3662332
336,Hounslow Heath,Hounslow,London,"Hounslow Heath,Hounslow,London",51.4578773,-0.385148125
337,Hounslow South,Hounslow,London,"Hounslow South,Hounslow,London",51.4686132,-0.3613471
338,Hounslow West,Hounslow,London,"Hounslow West,Hounslow,London",51.4735822,-0.3858181
339,Isleworth,Hounslow,London,"Isleworth,Hounslow,London",51.4683558,-0.3263111
340,Osterley and Spring Grove,Hounslow,London,"Osterley and Spring Grove,Hounslow,London",51.4812336,-0.3521981
341,Syon,Hounslow,London,"Syon,Hounslow,London",51.4767946,-0.31219337
342,Turnham Green,Hounslow,London,"Turnham Green,Hounslow,London",51.4951314,-0.2546948
343,Barnsbury,Islington,London,"Barnsbury,Islington,London",51.5389351,-0.114735
344,Bunhill,Islington,London,"Bunhill,Islington,London",51.52348715,-0.088757092
345,Caledonian,Islington,London,"Caledonian,Islington,London",51.5431206,-0.1176239
346,Canonbury,Islington,London,"Canonbury,Islington,London",51.5430358,-0.0954008
347,Clerkenwell,Islington,London,"Clerkenwell,Islington,London",51.5237268,-0.1055555
348,Finsbury Park,Islington,London,"Finsbury Park,Islington,London",51.5648345,-0.1064144
349,Highbury East,Islington,London,"Highbury East,Islington,London",51.5457996,-0.1027127
350,Highbury West,Islington,London,"Highbury West,Islington,London",51.5457996,-0.1027127
351,Hillrise,Islington,London,"Hillrise,Islington,London",51.5716355,-0.1243869
352,Holloway,Islington,London,"Holloway,Islington,London",51.5572453,-0.1183706
353,Junction,Islington,London,"Junction,Islington,London",51.5522032,-0.111195
354,Mildmay,Islington,London,"Mildmay,Islington,London",51.5473979,-0.0852963
355,St. George's,Islington,London,"St. George's,Islington,London",51.5503713,-0.112803172
356,St. Mary's,Islington,London,"St. Mary's,Islington,London",51.5384287,-0.0999051
357,St. Peter's,Islington,London,"St. Peter's,Islington,London",51.5361815,-0.1016861
358,Tollington,Islington,London,"Tollington,Islington,London",51.5575468,-0.1128611
359,Abingdon,Kensington and Chelsea,London,"Abingdon,Kensington and Chelsea,London",51.4994527,-0.1973247
360,Brompton & Hans Town,Kensington and Chelsea,London,"Brompton & Hans Town,Kensington and Chelsea,London",,
361,Campden,Kensington and Chelsea,London,"Campden,Kensington and Chelsea,London",51.50285115,-0.199544065
362,Chelsea Riverside,Kensington and Chelsea,London,"Chelsea Riverside,Kensington and Chelsea,London",51.4875417,-0.1682205
363,Colville,Kensington and Chelsea,London,"Colville,Kensington and Chelsea,London",51.515728,-0.203766414
364,Courtfield,Kensington and Chelsea,London,"Courtfield,Kensington and Chelsea,London",51.4921289,-0.1926267
365,Dalgarno,Kensington and Chelsea,London,"Dalgarno,Kensington and Chelsea,London",51.5241633,-0.223342
366,Earl's Court,Kensington and Chelsea,London,"Earl's Court,Kensington and Chelsea,London",51.4916123,-0.193903
367,Golborne,Kensington and Chelsea,London,"Golborne,Kensington and Chelsea,London",51.5226182,-0.2073744
368,Holland,Kensington and Chelsea,London,"Holland,Kensington and Chelsea,London",51.50301195,-0.204147614
369,Norland,Kensington and Chelsea,London,"Norland,Kensington and Chelsea,London",51.5067321,-0.21034195
370,Notting Dale,Kensington and Chelsea,London,"Notting Dale,Kensington and Chelsea,London",,
371,Pembridge,Kensington and Chelsea,London,"Pembridge,Kensington and Chelsea,London",51.51153335,-0.193516577
372,Queen's Gate,Kensington and Chelsea,London,"Queen's Gate,Kensington and Chelsea,London",51.4926349,-0.178536
373,Redcliffe,Kensington and Chelsea,London,"Redcliffe,Kensington and Chelsea,London",51.4868901,-0.1867269
374,Royal Hospital,Kensington and Chelsea,London,"Royal Hospital,Kensington and Chelsea,London",51.48709375,-0.158673901
375,St. Helen's,Kensington and Chelsea,London,"St. Helen's,Kensington and Chelsea,London",51.5188629,-0.218105831
376,Stanley,Kensington and Chelsea,London,"Stanley,Kensington and Chelsea,London",51.5121457,-0.2042205
377,Alexandra,Kingston upon Thames,London,"Alexandra,Kingston upon Thames,London",51.38648405,-0.286267925
378,Berrylands,Kingston upon Thames,London,"Berrylands,Kingston upon Thames,London",51.3937811,-0.2848024
379,Beverley,Kingston upon Thames,London,"Beverley,Kingston upon Thames,London",51.3879519,-0.2394595
380,Canbury,Kingston upon Thames,London,"Canbury,Kingston upon Thames,London",51.41749865,-0.305552805
381,Chessington North and Hook,Kingston upon Thames,London,"Chessington North and Hook,Kingston upon Thames,London",51.363982,-0.3007319
382,Chessington South,Kingston upon Thames,London,"Chessington South,Kingston upon Thames,London",51.35675,-0.308097
383,Coombe Hill,Kingston upon Thames,London,"Coombe Hill,Kingston upon Thames,London",51.4194499,-0.2653985
384,Coombe Vale,Kingston upon Thames,London,"Coombe Vale,Kingston upon Thames,London",51.4194499,-0.2653985
385,Grove,Kingston upon Thames,London,"Grove,Kingston upon Thames,London",51.4096275,-0.3062621
386,Norbiton,Kingston upon Thames,London,"Norbiton,Kingston upon Thames,London",51.4099994,-0.2873963
387,Old Malden,Kingston upon Thames,London,"Old Malden,Kingston upon Thames,London",51.382484,-0.2590897
388,St. James,Kingston upon Thames,London,"St. James,Kingston upon Thames,London",51.3932066,-0.3046482
389,St. Mark's,Kingston upon Thames,London,"St. Mark's,Kingston upon Thames,London",51.4096275,-0.3062621
390,Surbiton Hill,Kingston upon Thames,London,"Surbiton Hill,Kingston upon Thames,London",51.3937557,-0.3033105
391,Tolworth and Hook Rise,Kingston upon Thames,London,"Tolworth and Hook Rise,Kingston upon Thames,London",51.3788758,-0.2828604
392,Tudor,Kingston upon Thames,London,"Tudor,Kingston upon Thames,London",51.429961,-0.3052083
393,Bishop's,Lambeth,London,"Bishop's,Lambeth,London",51.4934968,-0.1097695
394,Brixton Hill,Lambeth,London,"Brixton Hill,Lambeth,London",51.4466839,-0.1242801
395,Clapham Common,Lambeth,London,"Clapham Common,Lambeth,London",51.4620748,-0.1373589
396,Clapham Town,Lambeth,London,"Clapham Town,Lambeth,London",51.4622924,-0.1388561
397,Coldharbour,Lambeth,London,"Coldharbour,Lambeth,London",51.4616328,-0.1133636
398,Ferndale,Lambeth,London,"Ferndale,Lambeth,London",51.5013012,-0.117287
399,Gipsy Hill,Lambeth,London,"Gipsy Hill,Lambeth,London",51.4247042,-0.0845885
400,Herne Hill,Lambeth,London,"Herne Hill,Lambeth,London",51.4534691,-0.1022835
401,Knight's Hill,Lambeth,London,"Knight's Hill,Lambeth,London",51.4296577,-0.1042819
402,Larkhall,Lambeth,London,"Larkhall,Lambeth,London",51.46804485,-0.136637398
403,Oval,Lambeth,London,"Oval,Lambeth,London",51.48375215,-0.114961827
404,Prince's,Lambeth,London,"Prince's,Lambeth,London",,
405,St. Leonard's,Lambeth,London,"St. Leonard's,Lambeth,London",51.42912525,-0.132548151
406,Stockwell,Lambeth,London,"Stockwell,Lambeth,London",51.472211,-0.1225014
407,Streatham Hill,Lambeth,London,"Streatham Hill,Lambeth,London",51.4407385,-0.1223171
408,Streatham South,Lambeth,London,"Streatham South,Lambeth,London",51.429769,-0.1311105
409,Streatham Wells,Lambeth,London,"Streatham Wells,Lambeth,London",51.44011405,-0.116215154
410,Thornton,Lambeth,London,"Thornton,Lambeth,London",51.4700682,-0.1132741
411,Thurlow Park,Lambeth,London,"Thurlow Park,Lambeth,London",51.4397011,-0.1064738
412,Tulse Hill,Lambeth,London,"Tulse Hill,Lambeth,London",51.439867,-0.1050481
413,Vassall,Lambeth,London,"Vassall,Lambeth,London",51.4779421,-0.1053524
414,Bellingham,Lewisham,London,"Bellingham,Lewisham,London",51.4329913,-0.0193662
415,Blackheath,Lewisham,London,"Blackheath,Lewisham,London",51.4663175,0.0085624
416,Brockley,Lewisham,London,"Brockley,Lewisham,London",51.4578328,-0.0360868
417,Catford South,Lewisham,London,"Catford South,Lewisham,London",51.440517,-0.0059785
418,Crofton Park,Lewisham,London,"Crofton Park,Lewisham,London",51.4552107,-0.0366376
419,Downham,Lewisham,London,"Downham,Lewisham,London",51.426111,0.0064566
420,Evelyn,Lewisham,London,"Evelyn,Lewisham,London",51.4812646,-0.032000953
421,Forest Hill,Lewisham,London,"Forest Hill,Lewisham,London",51.4392419,-0.0530903
422,Grove Park,Lewisham,London,"Grove Park,Lewisham,London",51.4318969,0.0212344
423,Ladywell,Lewisham,London,"Ladywell,Lewisham,London",51.4560257,-0.0191917
424,Lee Green,Lewisham,London,"Lee Green,Lewisham,London",51.4561787,0.0125108
425,Lewisham Central,Lewisham,London,"Lewisham Central,Lewisham,London",51.4624325,-0.0101331
426,New Cross,Lewisham,London,"New Cross,Lewisham,London",51.4763706,-0.0326237
427,Perry Vale,Lewisham,London,"Perry Vale,Lewisham,London",51.435121,-0.0430306
428,Rushey Green,Lewisham,London,"Rushey Green,Lewisham,London",51.4462131,-0.0194075
429,Sydenham,Lewisham,London,"Sydenham,Lewisham,London",51.4269433,-0.0545387
430,Telegraph Hill,Lewisham,London,"Telegraph Hill,Lewisham,London",51.4686583,-0.0467923
431,Whitefoot,Lewisham,London,"Whitefoot,Lewisham,London",51.4323248,0.0051894
432,Abbey,Merton,London,"Abbey,Merton,London",51.41305415,-0.183346467
433,Cannon Hill,Merton,London,"Cannon Hill,Merton,London",51.622925,-0.1222316
434,Colliers Wood,Merton,London,"Colliers Wood,Merton,London",51.4182747,-0.1778626
435,Cricket Green,Merton,London,"Cricket Green,Merton,London",51.3998626,-0.1662482
436,Dundonald,Merton,London,"Dundonald,Merton,London",51.41518395,-0.209855094
437,Figge's Marsh,Merton,London,"Figge's Marsh,Merton,London",51.4145388,-0.160329402
438,Graveney,Merton,London,"Graveney,Merton,London",51.4112777,-0.1614945
439,Hillside,Merton,London,"Hillside,Merton,London",51.4198517,-0.219768
440,Lavender Fields,Merton,London,"Lavender Fields,Merton,London",51.4150216,-0.1719375
441,Longthornton,Merton,London,"Longthornton,Merton,London",51.4083358,-0.1389892
442,Lower Morden,Merton,London,"Lower Morden,Merton,London",51.3897736,-0.2163635
443,Merton Park,Merton,London,"Merton Park,Merton,London",51.4079938,-0.2019654
444,Pollards Hill,Merton,London,"Pollards Hill,Merton,London",51.3989991,-0.1282598
445,Ravensbury,Merton,London,"Ravensbury,Merton,London",51.3977067,-0.157896
446,Raynes Park,Merton,London,"Raynes Park,Merton,London",51.408966,-0.23054
447,St. Helier,Merton,London,"St. Helier,Merton,London",51.3894612,-0.1989208
448,Trinity,Merton,London,"Trinity,Merton,London",51.36168085,-0.193669494
449,Village,Merton,London,"Village,Merton,London",51.5073219,-0.1276474
450,West Barnes,Merton,London,"West Barnes,Merton,London",51.3977576,-0.2383655
451,Wimbledon Park,Merton,London,"Wimbledon Park,Merton,London",51.4369518,-0.1993261
452,Beckton,Newham,London,"Beckton,Newham,London",51.5160797,0.0594257
453,Boleyn,Newham,London,"Boleyn,Newham,London",51.530422,0.038107
454,Canning Town North,Newham,London,"Canning Town North,Newham,London",51.5139887,0.0082987
455,Canning Town South,Newham,London,"Canning Town South,Newham,London",51.5139887,0.0082987
456,Custom House,Newham,London,"Custom House,Newham,London",51.50965175,0.026042564
457,East Ham Central,Newham,London,"East Ham Central,Newham,London",51.5394005,0.0526042
458,East Ham North,Newham,London,"East Ham North,Newham,London",51.5394005,0.0526042
459,East Ham South,Newham,London,"East Ham South,Newham,London",51.5394005,0.0526042
460,Forest Gate North,Newham,London,"Forest Gate North,Newham,London",51.5495236,0.0249248
461,Forest Gate South,Newham,London,"Forest Gate South,Newham,London",51.5495236,0.0249248
462,Green Street East,Newham,London,"Green Street East,Newham,London",51.5470365,0.0315365
463,Green Street West,Newham,London,"Green Street West,Newham,London",51.5327933,0.0367734
464,Little Ilford,Newham,London,"Little Ilford,Newham,London",51.550298,0.0625225
465,Manor Park,Newham,London,"Manor Park,Newham,London",51.5506867,0.0476391
466,Plaistow North,Newham,London,"Plaistow North,Newham,London",51.5311544,0.0166833
467,Plaistow South,Newham,London,"Plaistow South,Newham,London",51.5311544,0.0166833
468,Royal Docks,Newham,London,"Royal Docks,Newham,London",51.5036827,0.0496178
469,Stratford and New Town,Newham,London,"Stratford and New Town,Newham,London",51.5506778,0.0029768
470,Wall End,Newham,London,"Wall End,Newham,London",51.5342327,0.0624751
471,West Ham,Newham,London,"West Ham,Newham,London",51.5280966,0.0045685
472,Aldborough,Redbridge,London,"Aldborough,Redbridge,London",51.5864084,0.103214656
473,Barkingside,Redbridge,London,"Barkingside,Redbridge,London",51.5858181,0.0886245
474,Bridge,Redbridge,London,"Bridge,Redbridge,London",51.5073219,-0.1276474
475,Chadwell,Redbridge,London,"Chadwell,Redbridge,London",51.5700474,0.1297842
476,Church End,Redbridge,London,"Church End,Redbridge,London",51.601117,-0.1918901
477,Clayhall,Redbridge,London,"Clayhall,Redbridge,London",51.58497555,0.060067124
478,Clementswood,Redbridge,London,"Clementswood,Redbridge,London",51.5531403,0.0730408
479,Cranbrook,Redbridge,London,"Cranbrook,Redbridge,London",51.5591192,0.0702445
480,Fairlop,Redbridge,London,"Fairlop,Redbridge,London",51.5959477,0.0911302
481,Fullwell,Redbridge,London,"Fullwell,Redbridge,London",51.5938864,0.0854521
482,Goodmayes,Redbridge,London,"Goodmayes,Redbridge,London",51.565803,0.1119305
483,Hainault,Redbridge,London,"Hainault,Redbridge,London",51.6033163,0.0933599
484,Loxford,Redbridge,London,"Loxford,Redbridge,London",51.5481943,0.084051
485,Mayfield,Redbridge,London,"Mayfield,Redbridge,London",51.605382,0.0237479
486,Monkhams,Redbridge,London,"Monkhams,Redbridge,London",51.6131775,0.0257998
487,Newbury,Redbridge,London,"Newbury,Redbridge,London",51.5754985,0.0899693
488,Roding,Redbridge,London,"Roding,Redbridge,London",51.6170812,0.0437553
489,Seven Kings,Redbridge,London,"Seven Kings,Redbridge,London",51.5639058,0.0968813
490,Snaresbrook,Redbridge,London,"Snaresbrook,Redbridge,London",51.5831734,0.0228777
491,Valentines,Redbridge,London,"Valentines,Redbridge,London",51.56885695,0.071131792
492,Wanstead,Redbridge,London,"Wanstead,Redbridge,London",51.575646,0.0286373
493,Barnes,Richmond upon Thames,London,"Barnes,Richmond upon Thames,London",51.4718962,-0.2387441
494,East Sheen,Richmond upon Thames,London,"East Sheen,Richmond upon Thames,London",51.4623706,-0.267094
495,Fulwell and Hampton Hill,Richmond upon Thames,London,"Fulwell and Hampton Hill,Richmond upon Thames,London",51.4337482,-0.3496847
496,"Ham, Petersham and Richmond Riverside",Richmond upon Thames,London,"Ham, Petersham and Richmond Riverside,Richmond upon Thames,London",51.4406054,-0.3041248
497,Hampton,Richmond upon Thames,London,"Hampton,Richmond upon Thames,London",51.4150272,-0.3691409
498,Hampton North,Richmond upon Thames,London,"Hampton North,Richmond upon Thames,London",51.4150272,-0.3691409
499,Hampton Wick,Richmond upon Thames,London,"Hampton Wick,Richmond upon Thames,London",51.4144519,-0.3126743
500,Heathfield,Richmond upon Thames,London,"Heathfield,Richmond upon Thames,London",51.420316,-0.3734364
501,Kew,Richmond upon Thames,London,"Kew,Richmond upon Thames,London",51.4806629,-0.2919292
502,Mortlake and Barnes Common,Richmond upon Thames,London,"Mortlake and Barnes Common,Richmond upon Thames,London",,
503,North Richmond,Richmond upon Thames,London,"North Richmond,Richmond upon Thames,London",51.4632072,-0.3004127
504,St. Margarets and North Twickenham,Richmond upon Thames,London,"St. Margarets and North Twickenham,Richmond upon Thames,London",51.4516433,-0.330377802
505,South Richmond,Richmond upon Thames,London,"South Richmond,Richmond upon Thames,London",51.4632072,-0.3004127
506,South Twickenham,Richmond upon Thames,London,"South Twickenham,Richmond upon Thames,London",51.4467444,-0.3281887
507,Teddington,Richmond upon Thames,London,"Teddington,Richmond upon Thames,London",51.4244662,-0.3325731
508,Twickenham Riverside,Richmond upon Thames,London,"Twickenham Riverside,Richmond upon Thames,London",51.4467444,-0.3281887
509,West Twickenham,Richmond upon Thames,London,"West Twickenham,Richmond upon Thames,London",51.4467444,-0.3281887
510,Whitton,Richmond upon Thames,London,"Whitton,Richmond upon Thames,London",51.4511693,-0.3579759
511,Brunswick Park,Southwark,London,"Brunswick Park,Southwark,London",51.475619,-0.085869587
512,Camberwell Green,Southwark,London,"Camberwell Green,Southwark,London",51.47497845,-0.092649899
513,Cathedrals,Southwark,London,"Cathedrals,Southwark,London",,
514,Chaucer,Southwark,London,"Chaucer,Southwark,London",51.4985655,-0.090976341
515,College,Southwark,London,"College,Southwark,London",51.5029222,-0.103458
516,East Dulwich,Southwark,London,"East Dulwich,Southwark,London",51.4615604,-0.0803888
517,East Walworth,Southwark,London,"East Walworth,Southwark,London",51.4901142,-0.0906603
518,Faraday,Southwark,London,"Faraday,Southwark,London",51.48555385,-0.08623713
519,Grange,Southwark,London,"Grange,Southwark,London",51.4963612,-0.0770464
520,Livesey,Southwark,London,"Livesey,Southwark,London",51.48194165,-0.0624031
521,Newington,Southwark,London,"Newington,Southwark,London",51.48528865,-0.10161266
522,Nunhead,Southwark,London,"Nunhead,Southwark,London",51.4668348,-0.0523755
523,Peckham,Southwark,London,"Peckham,Southwark,London",51.4734122,-0.0699321
524,Peckham Rye,Southwark,London,"Peckham Rye,Southwark,London",51.469919,-0.0696968
525,Riverside,Southwark,London,"Riverside,Southwark,London",51.5029222,-0.103458
526,Rotherhithe,Southwark,London,"Rotherhithe,Southwark,London",51.5007782,-0.0519063
527,South Bermondsey,Southwark,London,"South Bermondsey,Southwark,London",51.4879512,-0.0544564
528,South Camberwell,Southwark,London,"South Camberwell,Southwark,London",51.4745706,-0.0925416
529,Surrey Docks,Southwark,London,"Surrey Docks,Southwark,London",51.49307865,-0.046396405
530,The Lane,Southwark,London,"The Lane,Southwark,London",51.5029222,-0.103458
531,Village,Southwark,London,"Village,Southwark,London",51.5029222,-0.103458
532,Beddington North,Sutton,London,"Beddington North,Sutton,London",51.3719875,-0.1323928
533,Beddington South,Sutton,London,"Beddington South,Sutton,London",51.3719875,-0.1323928
534,Belmont,Sutton,London,"Belmont,Sutton,London",51.3438964,-0.1987852
535,Carshalton Central,Sutton,London,"Carshalton Central,Sutton,London",51.3657883,-0.1610857
536,Carshalton South and Clockhouse,Sutton,London,"Carshalton South and Clockhouse,Sutton,London",51.3299418,-0.1698928
537,Cheam,Sutton,London,"Cheam,Sutton,London",51.3556609,-0.2145128
538,Nonsuch,Sutton,London,"Nonsuch,Sutton,London",51.3546203,-0.2236825
539,St. Helier,Sutton,London,"St. Helier,Sutton,London",51.3866947,-0.1800574
540,Stonecot,Sutton,London,"Stonecot,Sutton,London",51.383526,-0.2142263
541,Sutton Central,Sutton,London,"Sutton Central,Sutton,London",51.360398,-0.1906996
542,Sutton North,Sutton,London,"Sutton North,Sutton,London",51.360398,-0.1906996
543,Sutton South,Sutton,London,"Sutton South,Sutton,London",51.360398,-0.1906996
544,Sutton West,Sutton,London,"Sutton West,Sutton,London",51.360398,-0.1906996
545,The Wrythe,Sutton,London,"The Wrythe,Sutton,London",51.3670587,-0.1629561
546,Wallington North,Sutton,London,"Wallington North,Sutton,London",51.357945,-0.1495621
547,Wallington South,Sutton,London,"Wallington South,Sutton,London",51.357945,-0.1495621
548,Wandle Valley,Sutton,London,"Wandle Valley,Sutton,London",51.3709899,-0.1535374
549,Worcester Park,Sutton,London,"Worcester Park,Sutton,London",51.3783998,-0.2416023
550,Bethnal Green,Tower Hamlets,London,"Bethnal Green,Tower Hamlets,London",51.5303456,-0.0561633
551,Blackwall & Cubitt Town,Tower Hamlets,London,"Blackwall & Cubitt Town,Tower Hamlets,London",,
552,Bow East,Tower Hamlets,London,"Bow East,Tower Hamlets,London",51.5297195,-0.016727649
553,Bow West,Tower Hamlets,London,"Bow West,Tower Hamlets,London",51.5283085,-0.0194816
554,Bromley North,Tower Hamlets,London,"Bromley North,Tower Hamlets,London",,
555,Bromley South,Tower Hamlets,London,"Bromley South,Tower Hamlets,London",,
556,Canary Wharf,Tower Hamlets,London,"Canary Wharf,Tower Hamlets,London",51.50562,-0.0257169
557,Island Gardens,Tower Hamlets,London,"Island Gardens,Tower Hamlets,London",,
558,Lansbury,Tower Hamlets,London,"Lansbury,Tower Hamlets,London",51.5136609,-0.0162461
559,Limehouse,Tower Hamlets,London,"Limehouse,Tower Hamlets,London",51.5133074,-0.0351492
560,Mile End,Tower Hamlets,London,"Mile End,Tower Hamlets,London",51.5253378,-0.033435
561,Poplar,Tower Hamlets,London,"Poplar,Tower Hamlets,London",51.5110713,-0.0144629
562,St. Dunstan's,Tower Hamlets,London,"St. Dunstan's,Tower Hamlets,London",51.5168368,-0.04165836
563,St. Katharine's & Wapping,Tower Hamlets,London,"St. Katharine's & Wapping,Tower Hamlets,London",,
564,St. Peter's,Tower Hamlets,London,"St. Peter's,Tower Hamlets,London",,
565,Shadwell,Tower Hamlets,London,"Shadwell,Tower Hamlets,London",51.51125,-0.0569241
566,Spitalfields & Banglatown,Tower Hamlets,London,"Spitalfields & Banglatown,Tower Hamlets,London",,
567,Stepney Green,Tower Hamlets,London,"Stepney Green,Tower Hamlets,London",51.5217026,-0.0467147
568,Weavers,Tower Hamlets,London,"Weavers,Tower Hamlets,London",51.1341009,1.3003489
569,Whitechapel,Tower Hamlets,London,"Whitechapel,Tower Hamlets,London",51.5186227,-0.0620807
570,Cann Hall,Waltham Forest,London,"Cann Hall,Waltham Forest,London",,
571,Cathall,Waltham Forest,London,"Cathall,Waltham Forest,London",51.5597438,0.002876797
572,Chapel End,Waltham Forest,London,"Chapel End,Waltham Forest,London",51.598434,-0.0154323
573,Chingford Green,Waltham Forest,London,"Chingford Green,Waltham Forest,London",51.631213,0.002042304
574,Endlebury,Waltham Forest,London,"Endlebury,Waltham Forest,London",51.6241284,-0.000279
575,Forest,Waltham Forest,London,"Forest,Waltham Forest,London",51.5848057,0.0096719
576,Grove Green,Waltham Forest,London,"Grove Green,Waltham Forest,London",,
577,Hale End and Highams Park,Waltham Forest,London,"Hale End and Highams Park,Waltham Forest,London",51.6008823,-0.000633494
578,Hatch Lane,Waltham Forest,London,"Hatch Lane,Waltham Forest,London",51.6186889,0.0042356
579,High Street,Waltham Forest,London,"High Street,Waltham Forest,London",51.5847888,-0.0200407
580,Higham Hill,Waltham Forest,London,"Higham Hill,Waltham Forest,London",51.5960399,-0.0353557
581,Hoe Street,Waltham Forest,London,"Hoe Street,Waltham Forest,London",51.5850696,-0.019557
582,Larkswood,Waltham Forest,London,"Larkswood,Waltham Forest,London",51.61538165,-0.004527685
583,Lea Bridge,Waltham Forest,London,"Lea Bridge,Waltham Forest,London",51.5667512,-0.0371218
584,Leyton,Waltham Forest,London,"Leyton,Waltham Forest,London",51.5696734,-0.015681
585,Leytonstone,Waltham Forest,London,"Leytonstone,Waltham Forest,London",51.5688027,0.0086166
586,Markhouse,Waltham Forest,London,"Markhouse,Waltham Forest,London",51.5762179,-0.026116236
587,Valley,Waltham Forest,London,"Valley,Waltham Forest,London",51.8899889,0.261507022
588,William Morris,Waltham Forest,London,"William Morris,Waltham Forest,London",51.5912043,-0.0077676
589,Wood Street,Waltham Forest,London,"Wood Street,Waltham Forest,London",51.587041,-0.0016791
590,Balham,Wandsworth,London,"Balham,Wandsworth,London",51.4456449,-0.1503643
591,Bedford,Wandsworth,London,"Bedford,Wandsworth,London",51.4427243,-0.1493607
592,Earlsfield,Wandsworth,London,"Earlsfield,Wandsworth,London",51.4464482,-0.1893941
593,East Putney,Wandsworth,London,"East Putney,Wandsworth,London",51.4586138,-0.2112429
594,Fairfield,Wandsworth,London,"Fairfield,Wandsworth,London",51.4587614,-0.1904427
595,Furzedown,Wandsworth,London,"Furzedown,Wandsworth,London",51.424389,-0.1537022
596,Graveney,Wandsworth,London,"Graveney,Wandsworth,London",51.4234522,-0.1665496
597,Latchmere,Wandsworth,London,"Latchmere,Wandsworth,London",51.4728291,-0.1658381
598,Nightingale,Wandsworth,London,"Nightingale,Wandsworth,London",51.4500341,-0.157845858
599,Northcote,Wandsworth,London,"Northcote,Wandsworth,London",51.4607139,-0.1671587
600,Queenstown,Wandsworth,London,"Queenstown,Wandsworth,London",51.4752161,-0.1462935
601,Roehampton and Putney Heath,Wandsworth,London,"Roehampton and Putney Heath,Wandsworth,London",,
602,St. Mary's Park,Wandsworth,London,"St. Mary's Park,Wandsworth,London",,
603,Shaftesbury,Wandsworth,London,"Shaftesbury,Wandsworth,London",51.43451335,-0.172277858
604,Southfields,Wandsworth,London,"Southfields,Wandsworth,London",51.4457751,-0.2066142
605,Thamesfield,Wandsworth,London,"Thamesfield,Wandsworth,London",,
606,Tooting,Wandsworth,London,"Tooting,Wandsworth,London",51.4266588,-0.1690768
607,Wandsworth Common,Wandsworth,London,"Wandsworth Common,Wandsworth,London",51.44848475,-0.167650053
608,West Hill,Wandsworth,London,"West Hill,Wandsworth,London",51.4568485,-0.2002784
609,West Putney,Wandsworth,London,"West Putney,Wandsworth,London",51.4609339,-0.2153478
610,Abbey Road,Westminster,London,"Abbey Road,Westminster,London",51.5319494,-0.1772181
611,Bayswater,Westminster,London,"Bayswater,Westminster,London",51.5122764,-0.1883854
612,Bryanston and Dorset Square,Westminster,London,"Bryanston and Dorset Square,Westminster,London",51.51947245,-0.157049288
613,Churchill,Westminster,London,"Churchill,Westminster,London",51.515473,-0.1570192
614,Church Street,Westminster,London,"Church Street,Westminster,London",51.5213557,-0.1734528
615,Harrow Road,Westminster,London,"Harrow Road,Westminster,London",51.5209144,-0.1804902
616,Hyde Park,Westminster,London,"Hyde Park,Westminster,London",51.5074889,-0.16220538
617,Knightsbridge and Belgravia,Westminster,London,"Knightsbridge and Belgravia,Westminster,London",51.5017546,-0.1608199
618,Lancaster Gate,Westminster,London,"Lancaster Gate,Westminster,London",51.5118458,-0.175108
619,Little Venice,Westminster,London,"Little Venice,Westminster,London",51.5211948,-0.1824045
620,Maida Vale,Westminster,London,"Maida Vale,Westminster,London",51.5297928,-0.1857906
621,Marylebone High Street,Westminster,London,"Marylebone High Street,Westminster,London",51.5222211,-0.1514193
622,Queen's Park,Westminster,London,"Queen's Park,Westminster,London",51.529149,-0.20881332
623,Regent's Park,Westminster,London,"Regent's Park,Westminster,London",51.5236277,-0.1466357
624,St. James's,Westminster,London,"St. James's,Westminster,London",51.5079082,-0.1365727
625,Tachbrook,Westminster,London,"Tachbrook,Westminster,London",51.4930227,-0.139352
626,Vincent Square,Westminster,London,"Vincent Square,Westminster,London",51.4946241,-0.1357111
627,Warwick,Westminster,London,"Warwick,Westminster,London",51.49240735,-0.139704803
628,Westbourne,Westminster,London,"Westbourne,Westminster,London",51.5194237,-0.19482997
629,West End,Westminster,London,"West End,Westminster,London",42.8864294,-81.2392213
630,Madison Avenue,Manhattan,New York,"Madison Avenue,Manhattan,New York",40.8120663,-73.9359874